311884,1,Create Supplier,10/27/2017 10:06:16 AM,Failed,10/27/2017 10:01:02 AM,basic.step,AP Sceanrios,,,,
"Page",Record ID,Playback Time (sec),Result,"Summary",Type,
"Initialize Total (sec)",,95487,Passed,"",basic.init,
"Launch Browser: InternetExplorer 10.0.9200.17609",,2111,Passed,"",basic.step,
"Call Function: EBS_Reusable_Methods.login_EBS",,18445,Passed,"",basic.stepGroup,
"Launch Browser: InternetExplorer 10.0.9200.17609",,1528,Passed,"",basic.step,
"Think: 0 (sec).",,32,Passed,"",basic.comment,
"[1] Import Excel",,11404,Passed,"",basic.stepGroup,
"Info",,1,Passed,"Comments: selected environment is ++ ",basic.comment,
"Info",,1,Passed,"Comments: oatsuser",basic.comment,
"Navigate https://erpint.fin.yahoo.com:8000/",2,66,Passed,"",ft.action,
"Think: 10 (sec).",,10049,Passed,"",basic.comment,
"SetText textBox(""@id='usernameField'"") oatsuser",,146,Passed,"",ft.action,
"SetPassword textBox(""@id='passwordField'"") ******",,39,Passed,"",ft.action,
"Click button(""@index='0'"")",,109,Passed,"",ft.action,
"WaitForPage https://erpint.fin.yahoo.com:8000/OA_HTML/AppsLocalLogin.jsp",,482,Passed,"",web.pageComplete,
"Call Function: EBS_Reusable_Methods.expand_NodeFromList",,42587,Passed,"",basic.stepGroup,
"Think: 0 (sec).",,26,Passed,"",basic.comment,
"[3] Expand Node from the List",,420,Passed,"",basic.stepGroup,
"Click element(""@text='System Administrator'"")",,357,Passed,"",ft.action,
"Think: 0 (sec).",,21,Passed,"",basic.comment,
"[3] Expand Node from the List",,2516,Passed,"",basic.stepGroup,
"Click element(""@text='Concurrent'"")",,2449,Passed,"",ft.action,
"Think: 0 (sec).",,26,Passed,"",basic.comment,
"[4] Click on the link under the Node",,923,Passed,"",basic.stepGroup,
"WaitForPage https://erpint.fin.yahoo.com:8000/OA_HTML/OA.jsp?OAFunc=OAHOMEPAGE#dummyAnchor",,443,Passed,"",web.pageComplete,
"Frame (URL=https://erpint.fin.yahoo.com:8000/OA_HTML/cabo/images/skyros/t.htm)",,0,Passed,"",web.frame,
"Frame (URL=https://erpint.fin.yahoo.com:8000/OA_HTML/blank.html)",,0,Passed,"",web.frame,
"Click element(""@text='Requests'"")",,311,Passed,"",ft.action,
"Close window(""@name='JOBS_QF'"")",,21442,Passed,"",ft.action,
"Activate window(""@name='NAVIGATOR'"")",,13,Passed,"",ft.action,
"Think: 10 (sec).",,10022,Passed,"",basic.comment,
"Iteration Total (sec)",,216021,Failed,"Failed to get a response after sending the message: <Message name=""GetChildren""><Parameter ParentID=""2""></Parameter><Parameter ElementType=""window""></Parameter><Parameter tag=""document""></Parameter><RequiredAttribute name=""index"" value=""0"" logic=""OR"" operator=""EQUALS""></RequiredAttribute><RequiredAttribute name=""name"" value=""APPS_NAVIGATION"" logic="""" operator=""EQUALS""></RequiredAttribute></Message>.",basic.iteration,
"Info",,0,Passed,"Comments: NHVENTURES LLC",basic.comment,
"Info",,0,Passed,"Comments: NHVENTURES LLC",basic.comment,
"Info",,1,Passed,"Comments: US",basic.comment,
"Info",,0,Passed,"Comments: A127-0692466",basic.comment,
"Info",,0,Passed,"Comments: 250 E 5TH ST FL 19",basic.comment,
"Info",,0,Passed,"Comments: ",basic.comment,
"Info",,0,Passed,"Comments: CINCINNATI",basic.comment,
"Info",,1,Passed,"Comments: OH",basic.comment,
"Info",,0,Passed,"Comments: 45202-4119",basic.comment,
"Info",,0,Passed,"Comments: YUS250USD",basic.comment,
"Info",,0,Passed,"Comments: Purchasing & Payment",basic.comment,
"Info",,0,Passed,"Comments: 513-789-6869",basic.comment,
"Info",,0,Passed,"Comments: NCSFINANCE@NCSOLUTIONS.COM",basic.comment,
"Info",,0,Passed,"Comments: N/A",basic.comment,
"Info",,0,Passed,"Comments: N/A",basic.comment,
"Info",,0,Passed,"Comments: Ravi",basic.comment,
"Info",,0,Passed,"Comments: Keesara",basic.comment,
"Info",,0,Passed,"Comments: United%",basic.comment,
"Info",,0,Passed,"Comments: ",basic.comment,
"Info",,0,Passed,"Comments: USÂ ",basic.comment,
"Info",,0,Passed,"Comments: ",basic.comment,
"Info",,0,Passed,"Comments: 43000096",basic.comment,
"Info",,0,Passed,"Comments: 38814755",basic.comment,
"Info",,0,Passed,"Comments: CAAccount",basic.comment,
"Info",,0,Passed,"Comments: US Dollar",basic.comment,
"Info",,0,Passed,"Comments: IMMEDIATE",basic.comment,
"Info",,0,Passed,"Comments: EFT",basic.comment,
"Info",,0,Passed,"Comments: ",basic.comment,
"Call Function: EBS_Reusable_Methods.SwitchResponsibility",,10268,Passed,"",basic.stepGroup,
"ClickToolbarButton window(""@name='NAVIGATOR'"") Switch Responsibility...",,987,Passed,"",ft.action,
"Think: 2 (sec).",,2022,Passed,"",basic.comment,
"Find listOfValues(""forms:listOfValues"") Payables Manager",,1126,Passed,"",ft.action,
"FocusItem treeList(""@name='NAVIGATOR_LIST_0'"") Suppliers",,646,Passed,"",ft.action,
"SelectItem treeList(""@name='NAVIGATOR_LIST_0'"") Suppliers",,598,Passed,"",ft.action,
"SelectItem treeList(""@name='NAVIGATOR_LIST_0'"") Suppliers|Entry",,1169,Passed,"",ft.action,
"WaitForPage https://erpint.fin.yahoo.com:8000/OA_HTML/RF.jsp?function_id=1348&resp_id=20639&resp_appl_id=200&security_group_id=0&lang_code=US&params=FbM2CJM-QwDegr0.AdKQvJK-4WQn9-ZNpNwKKhovOF4&oas=DITn7z9q17xx3ftww4VQ-A..",,4097,Passed,"",web.pageComplete,
"Frame (URL=https://erpint.fin.yahoo.com:8000/OA_HTML/cabo/images/skyros/t.htm)",,0,Passed,"",web.frame,
"Frame (URL=https://erpint.fin.yahoo.com:8000/OA_HTML/blank.html)",,0,Passed,"",web.frame,
"Click button(""@id='supCreatBtn'"")",,193,Passed,"",ft.action,
"Click textBox(""@id='organization_name'"")",,7265,Passed,"",ft.action,
"SetText textBox(""@id='organization_name'"") NHVENTURES LLC",,50,Passed,"",ft.action,
"Click textBox(""@id='alias'"")",,118,Passed,"",ft.action,
"Click textBox(""@id='org_name_pronunciation'"")",,131,Passed,"",ft.action,
"SetText textBox(""@id='org_name_pronunciation'"") NHVENTURES LLC",,49,Passed,"",ft.action,
"SelectOptionByText selectBox(""@id='supplierDff9'"") US",,119,Passed,"",ft.action,
"WaitForPage https://erpint.fin.yahoo.com:8000/OA_HTML/OA.jsp?page=/oracle/apps/pos/supplier/webui/SuppCrtPG&_ti=25541489&retainAM=N&addBreadCrumb=RS&OAMC=G&oapc=5&oas=HEXqPoOgQu4EMaWvZ1V6sw..",,3128,Passed,"",web.pageComplete,
"Frame (URL=https://erpint.fin.yahoo.com:8000/OA_HTML/cabo/images/skyros/t.htm)",,0,Passed,"",web.frame,
"Frame (URL=https://erpint.fin.yahoo.com:8000/OA_HTML/blank.html)",,0,Passed,"",web.frame,
"Click textBox(""@id='taxPayId'"")",,119,Passed,"",ft.action,
"SetText textBox(""@id='taxPayId'"") A127-0692466",,55,Passed,"",ft.action,
"Click button(""@id='applyBtn'"")",,112,Passed,"",ft.action,
"WaitForPage https://erpint.fin.yahoo.com:8000/OA_HTML/OA.jsp?page=/oracle/apps/pos/supplier/webui/SuppCrtPG&OAMC=G&_ti=25541489&retainAM=Y&addBreadCrumb=S&oapc=7&oas=erp4bruhqbStFlFeIjJ5Lg..",,32317,Passed,"",web.pageComplete,
"Frame (URL=https://erpint.fin.yahoo.com:8000/OA_HTML/cabo/images/skyros/t.htm)",,0,Passed,"",web.frame,
"Frame (URL=https://erpint.fin.yahoo.com:8000/OA_HTML/blank.html)",,0,Passed,"",web.frame,
"Info",,0,Passed,"Comments: 243038",basic.comment,
"Click link(""@text='Organization'"")",,137,Passed,"",ft.action,
"WaitForPage https://erpint.fin.yahoo.com:8000/OA_HTML/OA.jsp?page=/oracle/apps/pos/supplier/webui/OrganizationPG&retainAM=Y&OASF=POS_HT_SP_B_ORG&_ti=25541489&oapc=9&OAMC=84817_65_0&menu=Y&oaMenuLevel=4&oas=zm3MboTFU2dfIZx_gWyUAg..",,4931,Passed,"",web.pageComplete,
"Frame (URL=https://erpint.fin.yahoo.com:8000/OA_HTML/cabo/images/skyros/t.htm)",,0,Passed,"",web.frame,
"Frame (URL=https://erpint.fin.yahoo.com:8000/OA_HTML/blank.html)",,0,Passed,"",web.frame,
"Click link(""@text='Tax Details'"")",,113,Passed,"",ft.action,
"WaitForPage https://erpint.fin.yahoo.com:8000/OA_HTML/OA.jsp?page=/oracle/apps/pos/supplier/webui/ByrTaxDtPG&retainAM=Y&_ti=25541489&oapc=10&OAMC=84817_66_0&menu=Y&oaMenuLevel=4&oas=Zsh5eyWdWUwAeHQDSE0jqg..",,7008,Passed,"",web.pageComplete,
"Frame (URL=https://erpint.fin.yahoo.com:8000/OA_HTML/cabo/images/skyros/t.htm)",,0,Passed,"",web.frame,
"Frame (URL=https://erpint.fin.yahoo.com:8000/OA_HTML/blank.html)",,0,Passed,"",web.frame,
"Click link(""@text='Address Book'"")",,115,Passed,"",ft.action,
"WaitForPage https://erpint.fin.yahoo.com:8000/OA_HTML/OA.jsp?page=/oracle/apps/pos/supplier/webui/ByrAddrBkPG&retainAM=Y&_ti=25541489&oapc=11&OAMC=84817_67_0&menu=Y&oaMenuLevel=4&oas=kvVkosKUhLGZdI5x_EKJ5w..",,7107,Passed,"",web.pageComplete,
"Frame (URL=https://erpint.fin.yahoo.com:8000/OA_HTML/cabo/images/skyros/t.htm)",,0,Passed,"",web.frame,
"Frame (URL=https://erpint.fin.yahoo.com:8000/OA_HTML/blank.html)",,0,Passed,"",web.frame,
"Click button(""@id='Create'"")",,116,Passed,"",ft.action,
"WaitForPage https://erpint.fin.yahoo.com:8000/OA_HTML/OA.jsp?page=/oracle/apps/pos/supplier/webui/ByrAddrBkPG&retainAM=Y&_ti=25541489&OAMC=84817_67_0&menu=Y&oaMenuLevel=4&oapc=12&oas=ut2o-SEXS3iGWQBmX6a_bA..",,4318,Passed,"",web.pageComplete,
"Frame (URL=https://erpint.fin.yahoo.com:8000/OA_HTML/cabo/images/skyros/t.htm)",,0,Passed,"",web.frame,
"Frame (URL=https://erpint.fin.yahoo.com:8000/OA_HTML/blank.html)",,0,Passed,"",web.frame,
"Click textBox(""@id='HzAddressStyleFlex1'"")",,108,Passed,"",ft.action,
"SetText textBox(""@id='HzAddressStyleFlex1'"") 250 E 5TH ST FL 19",,49,Passed,"",ft.action,
"Click textBox(""@id='HzAddressStyleFlex2'"")",,104,Passed,"",ft.action,
"SetText textBox(""@id='HzAddressStyleFlex2'"") CINCINNATI",,47,Passed,"",ft.action,
"Click textBox(""@id='HzAddressStyleFlex5'"")",,113,Passed,"",ft.action,
"SetText textBox(""@id='HzAddressStyleFlex5'"") ",,44,Passed,"",ft.action,
"Click textBox(""@id='HzAddressStyleFlex6'"")",,104,Passed,"",ft.action,
"SelectOptionByText selectBox(""@id='HzAddressStyleFlex7'"") OH",,318,Passed,"",ft.action,
"Click textBox(""@id='HzAddressStyleFlex8'"")",,106,Passed,"",ft.action,
"SetText textBox(""@id='HzAddressStyleFlex8'"") 45202-4119",,46,Passed,"",ft.action,
"Click textBox(""@id='hzPartySiteName'"")",,109,Passed,"",ft.action,
"SetText textBox(""@id='hzPartySiteName'"") YUS250USD",,45,Passed,"",ft.action,
"Check checkBox(""@id='paySite'"") true",,71,Passed,"",ft.action,
"Check checkBox(""@id='purSite'"") false",,40,Passed,"",ft.action,
"Click textBox(""@id='phAreaCode'"")",,99,Passed,"",ft.action,
"Click element(""@text='Purchasing'"")",,127,Passed,"",ft.action,
"Click textBox(""@id='emailAddr'"")",,102,Passed,"",ft.action,
"Click button(""@id='nextBtn'"")",,111,Passed,"",ft.action,
"WaitForPage https://erpint.fin.yahoo.com:8000/OA_HTML/OA.jsp?page=/oracle/apps/pos/supplier/webui/ByrAddrPG&PosEvent=CREATE&PosVendorId=469474&PosPartyId=18783760&_ti=25541489&retainAM=Y&addBreadCrumb=Y&OAMC=G&oapc=14&oas=zFHItQWaXBHay-ldWgaRmQ..",,4523,Passed,"",web.pageComplete,
"Frame (URL=https://erpint.fin.yahoo.com:8000/OA_HTML/cabo/images/skyros/t.htm)",,0,Passed,"",web.frame,
"Frame (URL=https://erpint.fin.yahoo.com:8000/OA_HTML/blank.html)",,0,Passed,"",web.frame,
"Check checkBox(""@name='N10:selected:0'"") true",,65,Passed,"",ft.action,
"Click button(""@id='applyBtn'"")",,105,Passed,"",ft.action,
"WaitForPage https://erpint.fin.yahoo.com:8000/OA_HTML/OA.jsp?page=/oracle/apps/pos/supplier/webui/ByrCrtStPG&PosAddressName=YUS250USD&PosAddressDetails=250%20E%205TH%20ST%20FL%2019%2C%20CINCINNATI%2C%20OH%2C%20United%20States&PosReturnFunction=POS_HT_...",,29900,Passed,"",web.pageComplete,
"Frame (URL=https://erpint.fin.yahoo.com:8000/OA_HTML/cabo/images/skyros/t.htm)",,0,Passed,"",web.frame,
"Frame (URL=https://erpint.fin.yahoo.com:8000/OA_HTML/blank.html)",,0,Passed,"",web.frame,
"Info",,0,Passed,"Comments: YUS250USD",basic.comment,
"Click button(""@id='Create'"")",,121,Passed,"",ft.action,
"WaitForPage https://erpint.fin.yahoo.com:8000/OA_HTML/OA.jsp?page=/oracle/apps/pos/supplier/webui/ByrAddrBkPG&_ti=25541489&retainAM=N&addBreadCrumb=N&oapc=18&oas=C63jrox4WWu_SpBiRxnS2A..",,857,Passed,"",web.pageComplete,
"Frame (URL=https://erpint.fin.yahoo.com:8000/OA_HTML/cabo/images/skyros/t.htm)",,0,Passed,"",web.frame,
"Frame (URL=https://erpint.fin.yahoo.com:8000/OA_HTML/blank.html)",,0,Passed,"",web.frame,
"Click textBox(""@id='HzAddressStyleFlex1'"")",,110,Passed,"",ft.action,
"SetText textBox(""@id='HzAddressStyleFlex1'"") 246 REFLECTIONS DR",,52,Passed,"",ft.action,
"Click textBox(""@id='HzAddressStyleFlex2'"")",,104,Passed,"",ft.action,
"SetText textBox(""@id='HzAddressStyleFlex2'"") ste 23",,47,Passed,"",ft.action,
"Click textBox(""@id='HzAddressStyleFlex5'"")",,111,Passed,"",ft.action,
"SetText textBox(""@id='HzAddressStyleFlex5'"") SAN JOSE",,49,Passed,"",ft.action,
"Click textBox(""@id='HzAddressStyleFlex6'"")",,107,Passed,"",ft.action,
"SetText textBox(""@id='HzAddressStyleFlex6'"") california",,58,Passed,"",ft.action,
"SelectOptionByText selectBox(""@id='HzAddressStyleFlex7'"") CA",,91,Passed,"",ft.action,
"Click textBox(""@id='HzAddressStyleFlex8'"")",,115,Passed,"",ft.action,
"SetText textBox(""@id='HzAddressStyleFlex8'"") 2017",,51,Passed,"",ft.action,
"Click textBox(""@id='hzPartySiteName'"")",,116,Passed,"",ft.action,
"SetText textBox(""@id='hzPartySiteName'"") SanRamonBart10",,53,Passed,"",ft.action,
"Click textBox(""@id='phAreaCode'"")",,106,Passed,"",ft.action,
"Check checkBox(""@id='purSite'"") true",,74,Passed,"",ft.action,
"Click button(""@id='nextBtn'"")",,109,Passed,"",ft.action,
"WaitForPage https://erpint.fin.yahoo.com:8000/OA_HTML/OA.jsp?page=/oracle/apps/pos/supplier/webui/ByrAddrPG&PosEvent=CREATE&PosVendorId=469474&PosPartyId=18783760&_ti=25541489&retainAM=Y&addBreadCrumb=Y&OAMC=G&oapc=20&oas=IJJzUT2PFSI4bouf0r5Pew..",,817,Passed,"",web.pageComplete,
"Frame (URL=https://erpint.fin.yahoo.com:8000/OA_HTML/cabo/images/skyros/t.htm)",,0,Passed,"",web.frame,
"Frame (URL=https://erpint.fin.yahoo.com:8000/OA_HTML/blank.html)",,0,Passed,"",web.frame,
"Check checkBox(""@name='N10:selected:0'"") true",,62,Passed,"",ft.action,
"Click button(""@id='applyBtn'"")",,108,Passed,"",ft.action,
"WaitForPage https://erpint.fin.yahoo.com:8000/OA_HTML/OA.jsp?page=/oracle/apps/pos/supplier/webui/ByrCrtStPG&PosAddressName=SanRamonBart10&PosAddressDetails=246%20REFLECTIONS%20DR%2C%20ste%2023%2C%20SAN%20JOSE%2C%20california%2C%20CA%2C%20United%20Sta...",,5228,Passed,"",web.pageComplete,
"Frame (URL=https://erpint.fin.yahoo.com:8000/OA_HTML/cabo/images/skyros/t.htm)",,0,Passed,"",web.frame,
"Frame (URL=https://erpint.fin.yahoo.com:8000/OA_HTML/blank.html)",,0,Passed,"",web.frame,
"Think: 10 (sec).",,10024,Passed,"",basic.comment,
"Click link(""@text='Contact Directory'"")",,122,Passed,"",ft.action,
"WaitForPage https://erpint.fin.yahoo.com:8000/OA_HTML/OA.jsp?page=/oracle/apps/pos/supplier/webui/ByrCntctDirPG&retainAM=Y&_ti=25541489&oapc=24&OAMC=84817_68_0&menu=Y&oaMenuLevel=4&oas=yR2m4zgkLPe6Og1cZ6xAsA..",,2423,Passed,"",web.pageComplete,
"Frame (URL=https://erpint.fin.yahoo.com:8000/OA_HTML/cabo/images/skyros/t.htm)",,0,Passed,"",web.frame,
"Frame (URL=https://erpint.fin.yahoo.com:8000/OA_HTML/blank.html)",,0,Passed,"",web.frame,
"Click button(""@id='CreateBtn'"")",,103,Passed,"",ft.action,
"WaitForPage https://erpint.fin.yahoo.com:8000/OA_HTML/OA.jsp?page=/oracle/apps/pos/supplier/webui/ByrCntctDirPG&retainAM=Y&_ti=25541489&OAMC=84817_68_0&menu=Y&oaMenuLevel=4&oapc=25&oas=5ca3ECVHE-z2nPINFoTyww..",,3856,Passed,"",web.pageComplete,
"Frame (URL=https://erpint.fin.yahoo.com:8000/OA_HTML/cabo/images/skyros/t.htm)",,0,Passed,"",web.frame,
"Frame (URL=https://erpint.fin.yahoo.com:8000/OA_HTML/blank.html)",,0,Passed,"",web.frame,
"Click textBox(""@id='FirstName'"")",,103,Passed,"",ft.action,
"SetText textBox(""@id='FirstName'"") ravi",,49,Passed,"",ft.action,
"Click textBox(""@id='LastName'"")",,108,Passed,"",ft.action,
"SetText textBox(""@id='LastName'"") keesara",,49,Passed,"",ft.action,
"Click button(""@id='applyBtn'"")",,109,Passed,"",ft.action,
"WaitForPage https://erpint.fin.yahoo.com:8000/OA_HTML/OA.jsp?page=/oracle/apps/pos/supplier/webui/ByrAddCntctPG&PosPrfChgReq.SuppId=18783760&PosPrfChgReq.SupplierName=NHVENTURES%20LLC&PosPrfChgReq.ComingFrom=ByrAddCont&PosPrfChgReq.VendorId=469474&Pos...",,6403,Passed,"",web.pageComplete,
"Frame (URL=https://erpint.fin.yahoo.com:8000/OA_HTML/cabo/images/skyros/t.htm)",,0,Passed,"",web.frame,
"Frame (URL=https://erpint.fin.yahoo.com:8000/OA_HTML/blank.html)",,0,Passed,"",web.frame,
"Click link(""@text='Business Classification'"")",,107,Passed,"",ft.action,
"WaitForPage https://erpint.fin.yahoo.com:8000/OA_HTML/OA.jsp?page=/oracle/apps/pos/supplier/webui/BusClassPG&retainAM=Y&_ti=25541489&oapc=29&OAMC=84817_69_0&menu=Y&oaMenuLevel=4&oas=m5sXgjzPjC-z34XSN3UxRQ..",,1962,Passed,"",web.pageComplete,
"Frame (URL=https://erpint.fin.yahoo.com:8000/OA_HTML/cabo/images/skyros/t.htm)",,0,Passed,"",web.frame,
"Frame (URL=https://erpint.fin.yahoo.com:8000/OA_HTML/blank.html)",,0,Passed,"",web.frame,
"Click link(""@text='Banking Details'"")",,106,Passed,"",ft.action,
"WaitForPage https://erpint.fin.yahoo.com:8000/OA_HTML/OA.jsp?page=/oracle/apps/pos/sbd/webui/ByrMainPG&retainAM=Y&_ti=25541489&oapc=30&OAMC=84817_75_0&menu=Y&oaMenuLevel=4&oas=f4aqMwQKZq1NAgdHWiekTA..",,11232,Passed,"",web.pageComplete,
"Frame (URL=https://erpint.fin.yahoo.com:8000/OA_HTML/cabo/images/skyros/t.htm)",,0,Passed,"",web.frame,
"Frame (URL=https://erpint.fin.yahoo.com:8000/OA_HTML/blank.html)",,0,Passed,"",web.frame,
"Click button(""@id='CreateBankAccount111'"")",,110,Passed,"",ft.action,
"Click textBox(""@id='Country'"")",,3181,Passed,"",ft.action,
"Click image(""@alt='Search: Country'"")",,133,Passed,"",ft.action,
"WaitForPage https://erpint.fin.yahoo.com:8000/OA_HTML/cabo/jsps/a.jsp?_t=fredRC&enc=UTF-8&_minWidth=750&_minHeight=550&configName=OAConfig&contextURI=/OA_HTML&redirect=%2FOA_HTML%2FOA.jsp%3Fregion%3D%2Foracle%2Fapps%2Fiby%2Flov%2Fwebui%2FCountryLovRN%...",,1984,Passed,"",web.pageComplete,
"Frame (URL=https://erpint.fin.yahoo.com:8000/OA_HTML/OA.jsp?region=/oracle/apps/iby/lov/webui/CountryLovRN&regionCode=Country&regionAppId=673&lovBaseItemName=Country&fndOAJSPinEmbeddedMode=y&_ti=25541489&label=Country&formName=DefaultFormName&addBread...",,0,Passed,"",web.frame,
"Frame (URL=https://erpint.fin.yahoo.com:8000/OA_HTML/cabo/images/skyros/t.htm)",,0,Passed,"",web.frame,
"Frame (URL=https://erpint.fin.yahoo.com:8000/OA_HTML/blank.html)",,0,Passed,"",web.frame,
"Click textBox(""@name='searchText'"")",,94,Passed,"",ft.action,
"SetText textBox(""@name='searchText'"") United%",,34,Passed,"",ft.action,
"Click button(""@index='2'"")",,93,Passed,"",ft.action,
"WaitForPage https://erpint.fin.yahoo.com:8000/OA_HTML/cabo/jsps/a.jsp?_t=fredRC&enc=UTF-8&_minWidth=750&_minHeight=550&configName=OAConfig&contextURI=/OA_HTML&redirect=%2FOA_HTML%2FOA.jsp%3Fregion%3D%2Foracle%2Fapps%2Fiby%2Flov%2Fwebui%2FCountryLovRN%...",,883,Passed,"",web.pageComplete,
"Frame (URL=https://erpint.fin.yahoo.com:8000/OA_HTML/OA.jsp?region=/oracle/apps/iby/lov/webui/CountryLovRN&regionCode=Country&regionAppId=673&lovBaseItemName=Country&fndOAJSPinEmbeddedMode=y&_ti=25541489&label=Country&formName=DefaultFormName&addBread...",,0,Passed,"",web.frame,
"Frame (URL=https://erpint.fin.yahoo.com:8000/OA_HTML/cabo/images/skyros/t.htm)",,0,Passed,"",web.frame,
"Frame (URL=https://erpint.fin.yahoo.com:8000/OA_HTML/blank.html)",,0,Passed,"",web.frame,
"Click image(""@alt='Quick Select'"")",,89,Passed,"",ft.action,
"WaitForPage https://erpint.fin.yahoo.com:8000/OA_HTML/OA.jsp?page=/oracle/apps/pos/sbd/webui/ByrMainPG&retainAM=Y&_ti=25541489&OAMC=84817_75_0&menu=Y&oaMenuLevel=4&oapc=31&oas=JoS9dtnmWPDqckF58QqvSg..",,407,Passed,"",web.pageComplete,
"Frame (URL=https://erpint.fin.yahoo.com:8000/OA_HTML/OA.jsp?page=/oracle/apps/iby/fundcapture/setup/components/webui/CreateExtBankAcctPG&IbyPartyName=NHVENTURES%20LLC&IbyPayerId=407788&IbyPayerPartyId=18783760&IbyOrgType=&IbyPaymentFlow=DISBURSEMENTS&...",,0,Passed,"",web.frame,
"Frame (URL=https://erpint.fin.yahoo.com:8000/OA_HTML/blank.html)",,0,Passed,"",web.frame,
"Click textBox(""@id='BankNameSelect'"")",,641,Passed,"",ft.action,
"Click image(""@alt='Search: Bank Name'"")",,122,Passed,"",ft.action,
"Think: 10 (sec).",,10032,Passed,"",basic.comment,
"SelectOptionByText selectBox(""@id='categoryChoice'"") Bank Number",,31,Passed,"",ft.action,
"Click textBox(""@name='searchText'"")",,86,Passed,"",ft.action,
"SetText textBox(""@name='searchText'"") 43000096",,30,Passed,"",ft.action,
"Click button(""@index='2'"")",,94,Passed,"",ft.action,
"WaitForPage https://erpint.fin.yahoo.com:8000/OA_HTML/cabo/jsps/a.jsp?_t=fredRC&enc=UTF-8&_minWidth=750&_minHeight=550&configName=OAConfig&contextURI=/OA_HTML&redirect=%2FOA_HTML%2FOA.jsp%3Fregion%3D%2Foracle%2Fapps%2Fiby%2Flov%2Fwebui%2FExtBanksLovRN...",,1476,Passed,"",web.pageComplete,
"Frame (URL=https://erpint.fin.yahoo.com:8000/OA_HTML/OA.jsp?region=/oracle/apps/iby/lov/webui/ExtBanksLovRN&regionCode=BankNameSelect&regionAppId=673&lovBaseItemName=BankNameSelect&fndOAJSPinEmbeddedMode=y&_ti=25541489&label=Bank%20Name&formName=Defau...",,0,Passed,"",web.frame,
"Frame (URL=https://erpint.fin.yahoo.com:8000/OA_HTML/cabo/images/skyros/t.htm)",,0,Passed,"",web.frame,
"Frame (URL=https://erpint.fin.yahoo.com:8000/OA_HTML/blank.html)",,0,Passed,"",web.frame,
"Click image(""@alt='Quick Select'"")",,82,Passed,"",ft.action,
"WaitForPage https://erpint.fin.yahoo.com:8000/OA_HTML/OA.jsp?page=/oracle/apps/pos/sbd/webui/ByrMainPG&retainAM=Y&_ti=25541489&OAMC=84817_75_0&menu=Y&oaMenuLevel=4&oapc=31&oas=JoS9dtnmWPDqckF58QqvSg..",,400,Passed,"",web.pageComplete,
"Frame (URL=https://erpint.fin.yahoo.com:8000/OA_HTML/OA.jsp?page=/oracle/apps/iby/fundcapture/setup/components/webui/CreateExtBankAcctPG&IbyPartyName=NHVENTURES%20LLC&IbyPayerId=407788&IbyPayerPartyId=18783760&IbyOrgType=&IbyPaymentFlow=DISBURSEMENTS&...",,0,Passed,"",web.frame,
"Frame (URL=https://erpint.fin.yahoo.com:8000/OA_HTML/blank.html)",,0,Passed,"",web.frame,
"Click image(""@alt='Search: Branch Name'"")",,606,Passed,"",ft.action,
"WaitForPage https://erpint.fin.yahoo.com:8000/OA_HTML/cabo/jsps/a.jsp?_t=fredRC&enc=UTF-8&_minWidth=750&_minHeight=550&configName=OAConfig&contextURI=/OA_HTML&redirect=%2FOA_HTML%2FOA.jsp%3Fregion%3D%2Foracle%2Fapps%2Fiby%2Flov%2Fwebui%2FExtBankBranch...",,1950,Passed,"",web.pageComplete,
"Frame (URL=https://erpint.fin.yahoo.com:8000/OA_HTML/OA.jsp?region=/oracle/apps/iby/lov/webui/ExtBankBranchesLovRN&regionCode=BranchNameSelect&regionAppId=673&lovBaseItemName=BranchNameSelect&fndOAJSPinEmbeddedMode=y&_ti=25541489&label=Branch%20Name&f...",,0,Passed,"",web.frame,
"Frame (URL=https://erpint.fin.yahoo.com:8000/OA_HTML/cabo/images/skyros/t.htm)",,0,Passed,"",web.frame,
"Frame (URL=https://erpint.fin.yahoo.com:8000/OA_HTML/blank.html)",,0,Passed,"",web.frame,
"Click textBox(""@name='searchText'"")",,98,Passed,"",ft.action,
"SetText textBox(""@name='searchText'"") san%",,33,Passed,"",ft.action,
"Click button(""@index='2'"")",,97,Passed,"",ft.action,
"WaitForPage https://erpint.fin.yahoo.com:8000/OA_HTML/cabo/jsps/a.jsp?_t=fredRC&enc=UTF-8&_minWidth=750&_minHeight=550&configName=OAConfig&contextURI=/OA_HTML&redirect=%2FOA_HTML%2FOA.jsp%3Fregion%3D%2Foracle%2Fapps%2Fiby%2Flov%2Fwebui%2FExtBankBranch...",,710,Passed,"",web.pageComplete,
"Frame (URL=https://erpint.fin.yahoo.com:8000/OA_HTML/OA.jsp?region=/oracle/apps/iby/lov/webui/ExtBankBranchesLovRN&regionCode=BranchNameSelect&regionAppId=673&lovBaseItemName=BranchNameSelect&fndOAJSPinEmbeddedMode=y&_ti=25541489&label=Branch%20Name&f...",,0,Passed,"",web.frame,
"Frame (URL=https://erpint.fin.yahoo.com:8000/OA_HTML/cabo/images/skyros/t.htm)",,0,Passed,"",web.frame,
"Frame (URL=https://erpint.fin.yahoo.com:8000/OA_HTML/blank.html)",,0,Passed,"",web.frame,
"Click image(""@alt='Quick Select'"")",,353,Passed,"",ft.action,
"WaitForPage https://erpint.fin.yahoo.com:8000/OA_HTML/OA.jsp?page=/oracle/apps/pos/sbd/webui/ByrMainPG&retainAM=Y&_ti=25541489&OAMC=84817_75_0&menu=Y&oaMenuLevel=4&oapc=31&oas=JoS9dtnmWPDqckF58QqvSg..",,404,Passed,"",web.pageComplete,
"Frame (URL=https://erpint.fin.yahoo.com:8000/OA_HTML/OA.jsp?page=/oracle/apps/iby/fundcapture/setup/components/webui/CreateExtBankAcctPG&IbyPartyName=NHVENTURES%20LLC&IbyPayerId=407788&IbyPayerPartyId=18783760&IbyOrgType=&IbyPaymentFlow=DISBURSEMENTS&...",,0,Passed,"",web.frame,
"Frame (URL=https://erpint.fin.yahoo.com:8000/OA_HTML/blank.html)",,0,Passed,"",web.frame,
"Click textBox(""@id='AcctNumber'"")",,452,Passed,"",ft.action,
"SetText textBox(""@id='AcctNumber'"") 38814755",,116,Passed,"",ft.action,
"Click button(""@id='Apply'"")",,285,Passed,"",ft.action,
"Click textBox(""@id='AcctName'"")",,512,Passed,"",ft.action,
"SetText textBox(""@id='AcctName'"") CAAccount",,53,Passed,"",ft.action,
"Click textBox(""@id='Currency'"")",,420,Passed,"",ft.action,
"Click image(""@alt='Search: Currency'"")",,321,Passed,"",ft.action,
"WaitForPage https://erpint.fin.yahoo.com:8000/OA_HTML/cabo/jsps/a.jsp?_t=fredRC&enc=UTF-8&_minWidth=750&_minHeight=550&configName=OAConfig&contextURI=/OA_HTML&redirect=%2FOA_HTML%2FOA.jsp%3Fregion%3D%2Foracle%2Fapps%2Fiby%2Flov%2Fwebui%2FCurrencyLovRN...",,7534,Passed,"",web.pageComplete,
"Frame (URL=https://erpint.fin.yahoo.com:8000/OA_HTML/OA.jsp?region=/oracle/apps/iby/lov/webui/CurrencyLovRN&regionCode=Currency&regionAppId=673&lovBaseItemName=Currency&fndOAJSPinEmbeddedMode=y&_ti=25541489&label=Currency&formName=DefaultFormName&addB...",,0,Passed,"",web.frame,
"Frame (URL=https://erpint.fin.yahoo.com:8000/OA_HTML/cabo/images/skyros/t.htm)",,0,Passed,"",web.frame,
"Frame (URL=https://erpint.fin.yahoo.com:8000/OA_HTML/blank.html)",,0,Passed,"",web.frame,
"Click textBox(""@name='searchText'"")",,216,Passed,"",ft.action,
"SetText textBox(""@name='searchText'"") US Dollar",,78,Passed,"",ft.action,
"Click button(""@index='2'"")",,167,Passed,"",ft.action,
"WaitForPage https://erpint.fin.yahoo.com:8000/OA_HTML/cabo/jsps/a.jsp?_t=fredRC&enc=UTF-8&_minWidth=750&_minHeight=550&configName=OAConfig&contextURI=/OA_HTML&redirect=%2FOA_HTML%2FOA.jsp%3Fregion%3D%2Foracle%2Fapps%2Fiby%2Flov%2Fwebui%2FCurrencyLovRN...",,711,Passed,"",web.pageComplete,
"Frame (URL=https://erpint.fin.yahoo.com:8000/OA_HTML/OA.jsp?region=/oracle/apps/iby/lov/webui/CurrencyLovRN&regionCode=Currency&regionAppId=673&lovBaseItemName=Currency&fndOAJSPinEmbeddedMode=y&_ti=25541489&label=Currency&formName=DefaultFormName&addB...",,0,Passed,"",web.frame,
"Frame (URL=https://erpint.fin.yahoo.com:8000/OA_HTML/cabo/images/skyros/t.htm)",,0,Passed,"",web.frame,
"Frame (URL=https://erpint.fin.yahoo.com:8000/OA_HTML/blank.html)",,0,Passed,"",web.frame,
"Click image(""@alt='Quick Select'"")",,153,Passed,"",ft.action,
"WaitForPage https://erpint.fin.yahoo.com:8000/OA_HTML/OA.jsp?page=/oracle/apps/pos/sbd/webui/ByrMainPG&retainAM=Y&_ti=25541489&OAMC=84817_75_0&menu=Y&oaMenuLevel=4&oapc=31&oas=JoS9dtnmWPDqckF58QqvSg..",,494,Passed,"",web.pageComplete,
"Frame (URL=https://erpint.fin.yahoo.com:8000/OA_HTML/OA.jsp?page=/oracle/apps/iby/fundcapture/setup/components/webui/CreateExtBankAcctPG&IbyPartyName=NHVENTURES%20LLC&IbyPayerId=407788&IbyPayerPartyId=18783760&IbyOrgType=&IbyPaymentFlow=DISBURSEMENTS&...",,0,Passed,"",web.frame,
"Frame (URL=https://erpint.fin.yahoo.com:8000/OA_HTML/blank.html)",,0,Passed,"",web.frame,
"Finish Total (sec)",,28,Passed,"",basic.finish,
